<?xml version="1.0" encoding="UTF-8"?>
<GenRun Id="synth_1" LaunchPart="xa7a35tcpg236-1I" LaunchTime="1544043746">
  <File Type="PA-TCL" Name="top_of_top.tcl"/>
  <File Type="RDS-PROPCONSTRS" Name="top_of_top_drc_synth.rpt"/>
  <File Type="REPORTS-TCL" Name="top_of_top_reports.tcl"/>
  <File Type="RDS-RDS" Name="top_of_top.vds"/>
  <File Type="RDS-UTIL" Name="top_of_top_utilization_synth.rpt"/>
  <File Type="RDS-UTIL-PB" Name="top_of_top_utilization_synth.pb"/>
  <File Type="RDS-DCP" Name="top_of_top.dcp"/>
  <File Type="VDS-TIMINGSUMMARY" Name="top_of_top_timing_summary_synth.rpt"/>
  <File Type="VDS-TIMING-PB" Name="top_of_top_timing_summary_synth.pb"/>
  <FileSet Name="sources" Type="DesignSrcs" RelSrcDir="$PSRCDIR/sources_1">
    <Filter Type="Srcs"/>
    <File Path="$PSRCDIR/sources_1/new/HazardUnit.sv">
      <FileInfo>
        <Attr Name="UsedIn" Val="synthesis"/>
        <Attr Name="UsedIn" Val="implementation"/>
        <Attr Name="UsedIn" Val="simulation"/>
      </FileInfo>
    </File>
    <File Path="$PSRCDIR/sources_1/new/PipeDtoE.sv">
      <FileInfo>
        <Attr Name="UsedIn" Val="synthesis"/>
        <Attr Name="UsedIn" Val="implementation"/>
        <Attr Name="UsedIn" Val="simulation"/>
      </FileInfo>
    </File>
    <File Path="$PSRCDIR/sources_1/new/PipeEtoM.sv">
      <FileInfo>
        <Attr Name="UsedIn" Val="synthesis"/>
        <Attr Name="UsedIn" Val="implementation"/>
        <Attr Name="UsedIn" Val="simulation"/>
      </FileInfo>
    </File>
    <File Path="$PSRCDIR/sources_1/new/PipeFtoD.sv">
      <FileInfo>
        <Attr Name="UsedIn" Val="synthesis"/>
        <Attr Name="UsedIn" Val="implementation"/>
        <Attr Name="UsedIn" Val="simulation"/>
      </FileInfo>
    </File>
    <File Path="$PSRCDIR/sources_1/new/PipeMtoW.sv">
      <FileInfo>
        <Attr Name="UsedIn" Val="synthesis"/>
        <Attr Name="UsedIn" Val="implementation"/>
        <Attr Name="UsedIn" Val="simulation"/>
      </FileInfo>
    </File>
    <File Path="$PSRCDIR/sources_1/new/PipeWtoF.sv">
      <FileInfo>
        <Attr Name="UsedIn" Val="synthesis"/>
        <Attr Name="UsedIn" Val="implementation"/>
        <Attr Name="UsedIn" Val="simulation"/>
      </FileInfo>
    </File>
    <File Path="$PSRCDIR/sources_1/new/adder.sv">
      <FileInfo>
        <Attr Name="ImportPath" Val="$PPRDIR/../../single_cycle/single_cycle.srcs/sources_1/new/adder.sv"/>
        <Attr Name="ImportTime" Val="1543060831"/>
        <Attr Name="UsedIn" Val="synthesis"/>
        <Attr Name="UsedIn" Val="implementation"/>
        <Attr Name="UsedIn" Val="simulation"/>
      </FileInfo>
    </File>
    <File Path="$PSRCDIR/sources_1/new/alu.sv">
      <FileInfo>
        <Attr Name="ImportPath" Val="$PPRDIR/../../single_cycle/single_cycle.srcs/sources_1/new/alu.sv"/>
        <Attr Name="ImportTime" Val="1543060858"/>
        <Attr Name="UsedIn" Val="synthesis"/>
        <Attr Name="UsedIn" Val="implementation"/>
        <Attr Name="UsedIn" Val="simulation"/>
      </FileInfo>
    </File>
    <File Path="$PSRCDIR/sources_1/new/aludec.sv">
      <FileInfo>
        <Attr Name="ImportPath" Val="$PPRDIR/../../single_cycle/single_cycle.srcs/sources_1/new/aludec.sv"/>
        <Attr Name="ImportTime" Val="1543060675"/>
        <Attr Name="UsedIn" Val="synthesis"/>
        <Attr Name="UsedIn" Val="implementation"/>
        <Attr Name="UsedIn" Val="simulation"/>
      </FileInfo>
    </File>
    <File Path="$PSRCDIR/sources_1/new/controller.sv">
      <FileInfo>
        <Attr Name="ImportPath" Val="$PPRDIR/../../single_cycle/single_cycle.srcs/sources_1/new/controller.sv"/>
        <Attr Name="ImportTime" Val="1543060597"/>
        <Attr Name="UsedIn" Val="synthesis"/>
        <Attr Name="UsedIn" Val="implementation"/>
        <Attr Name="UsedIn" Val="simulation"/>
      </FileInfo>
    </File>
    <File Path="$PSRCDIR/sources_1/new/datapath.sv">
      <FileInfo>
        <Attr Name="ImportPath" Val="$PPRDIR/../../single_cycle/single_cycle.srcs/sources_1/new/datapath.sv"/>
        <Attr Name="ImportTime" Val="1543060622"/>
        <Attr Name="UsedIn" Val="synthesis"/>
        <Attr Name="UsedIn" Val="implementation"/>
        <Attr Name="UsedIn" Val="simulation"/>
      </FileInfo>
    </File>
    <File Path="$PSRCDIR/sources_1/new/display_controller.sv">
      <FileInfo>
        <Attr Name="ImportPath" Val="$PPRDIR/../project_1/project_1.srcs/sources_1/new/display_controller.sv"/>
        <Attr Name="ImportTime" Val="1543356167"/>
        <Attr Name="UsedIn" Val="synthesis"/>
        <Attr Name="UsedIn" Val="implementation"/>
        <Attr Name="UsedIn" Val="simulation"/>
      </FileInfo>
    </File>
    <File Path="$PSRCDIR/sources_1/new/flopr.sv">
      <FileInfo>
        <Attr Name="ImportPath" Val="$PPRDIR/../../single_cycle/single_cycle.srcs/sources_1/new/flopr.sv"/>
        <Attr Name="ImportTime" Val="1543060785"/>
        <Attr Name="UsedIn" Val="synthesis"/>
        <Attr Name="UsedIn" Val="implementation"/>
        <Attr Name="UsedIn" Val="simulation"/>
      </FileInfo>
    </File>
    <File Path="$PSRCDIR/sources_1/new/imem.sv">
      <FileInfo>
        <Attr Name="ImportPath" Val="$PPRDIR/../../single_cycle/single_cycle.srcs/sources_1/new/imem.sv"/>
        <Attr Name="ImportTime" Val="1543060547"/>
        <Attr Name="UsedIn" Val="synthesis"/>
        <Attr Name="UsedIn" Val="implementation"/>
        <Attr Name="UsedIn" Val="simulation"/>
      </FileInfo>
    </File>
    <File Path="$PSRCDIR/sources_1/new/maindec.sv">
      <FileInfo>
        <Attr Name="ImportPath" Val="$PPRDIR/../../single_cycle/single_cycle.srcs/sources_1/new/maindec.sv"/>
        <Attr Name="ImportTime" Val="1543060652"/>
        <Attr Name="UsedIn" Val="synthesis"/>
        <Attr Name="UsedIn" Val="implementation"/>
        <Attr Name="UsedIn" Val="simulation"/>
      </FileInfo>
    </File>
    <File Path="$PSRCDIR/sources_1/new/mips.sv">
      <FileInfo>
        <Attr Name="ImportPath" Val="$PPRDIR/../../single_cycle/single_cycle.srcs/sources_1/new/mips.sv"/>
        <Attr Name="ImportTime" Val="1543060569"/>
        <Attr Name="UsedIn" Val="synthesis"/>
        <Attr Name="UsedIn" Val="implementation"/>
        <Attr Name="UsedIn" Val="simulation"/>
      </FileInfo>
    </File>
    <File Path="$PSRCDIR/sources_1/new/mux2.sv">
      <FileInfo>
        <Attr Name="ImportPath" Val="$PPRDIR/../../single_cycle/single_cycle.srcs/sources_1/new/mux2.sv"/>
        <Attr Name="ImportTime" Val="1543060761"/>
        <Attr Name="UsedIn" Val="synthesis"/>
        <Attr Name="UsedIn" Val="implementation"/>
        <Attr Name="UsedIn" Val="simulation"/>
      </FileInfo>
    </File>
    <File Path="$PSRCDIR/sources_1/new/mux3.sv">
      <FileInfo>
        <Attr Name="ImportPath" Val="$PPRDIR/../../Desktop/Lab4/New source files/default_working_simulation_code/default_working_simulation_code.srcs/sources_1/new/mux3.sv"/>
        <Attr Name="ImportTime" Val="1543069402"/>
        <Attr Name="UsedIn" Val="synthesis"/>
        <Attr Name="UsedIn" Val="implementation"/>
        <Attr Name="UsedIn" Val="simulation"/>
      </FileInfo>
    </File>
    <File Path="$PSRCDIR/sources_1/new/pulse_controller.sv">
      <FileInfo>
        <Attr Name="ImportPath" Val="$PPRDIR/../project_1/project_1.srcs/sources_1/new/pulse_controller.sv"/>
        <Attr Name="ImportTime" Val="1543356126"/>
        <Attr Name="UsedIn" Val="synthesis"/>
        <Attr Name="UsedIn" Val="implementation"/>
        <Attr Name="UsedIn" Val="simulation"/>
      </FileInfo>
    </File>
    <File Path="$PSRCDIR/sources_1/new/regfile.sv">
      <FileInfo>
        <Attr Name="ImportPath" Val="$PPRDIR/../../single_cycle/single_cycle.srcs/sources_1/new/regfile.sv"/>
        <Attr Name="ImportTime" Val="1543060739"/>
        <Attr Name="UsedIn" Val="synthesis"/>
        <Attr Name="UsedIn" Val="implementation"/>
        <Attr Name="UsedIn" Val="simulation"/>
      </FileInfo>
    </File>
    <File Path="$PSRCDIR/sources_1/new/signext.sv">
      <FileInfo>
        <Attr Name="UsedIn" Val="synthesis"/>
        <Attr Name="UsedIn" Val="implementation"/>
        <Attr Name="UsedIn" Val="simulation"/>
      </FileInfo>
    </File>
    <File Path="$PSRCDIR/sources_1/new/sl2.sv">
      <FileInfo>
        <Attr Name="ImportPath" Val="$PPRDIR/../../single_cycle/single_cycle.srcs/sources_1/new/sl2.sv"/>
        <Attr Name="ImportTime" Val="1543060806"/>
        <Attr Name="UsedIn" Val="synthesis"/>
        <Attr Name="UsedIn" Val="implementation"/>
        <Attr Name="UsedIn" Val="simulation"/>
      </FileInfo>
    </File>
    <File Path="$PSRCDIR/sources_1/new/top.sv">
      <FileInfo>
        <Attr Name="ImportPath" Val="$PPRDIR/../../single_cycle/single_cycle.srcs/sources_1/new/top.sv"/>
        <Attr Name="ImportTime" Val="1543060491"/>
        <Attr Name="UsedIn" Val="synthesis"/>
        <Attr Name="UsedIn" Val="implementation"/>
        <Attr Name="UsedIn" Val="simulation"/>
      </FileInfo>
    </File>
    <File Path="$PSRCDIR/sources_1/new/top_of_top.sv">
      <FileInfo>
        <Attr Name="ImportPath" Val="$PPRDIR/../project_1/project_1.srcs/sources_1/new/top_of_top.sv"/>
        <Attr Name="ImportTime" Val="1543497031"/>
        <Attr Name="UsedIn" Val="synthesis"/>
        <Attr Name="UsedIn" Val="implementation"/>
        <Attr Name="UsedIn" Val="simulation"/>
      </FileInfo>
    </File>
    <File Path="$PSRCDIR/sources_1/new/dmem.sv">
      <FileInfo>
        <Attr Name="AutoDisabled" Val="1"/>
        <Attr Name="ImportPath" Val="$PPRDIR/../../single_cycle/single_cycle.srcs/sources_1/new/dmem.sv"/>
        <Attr Name="ImportTime" Val="1543060519"/>
        <Attr Name="UsedIn" Val="synthesis"/>
        <Attr Name="UsedIn" Val="implementation"/>
        <Attr Name="UsedIn" Val="simulation"/>
      </FileInfo>
    </File>
    <Config>
      <Option Name="DesignMode" Val="RTL"/>
      <Option Name="TopModule" Val="top_of_top"/>
      <Option Name="TopAutoSet" Val="TRUE"/>
    </Config>
  </FileSet>
  <FileSet Name="constrs_in" Type="Constrs" RelSrcDir="$PSRCDIR/constrs_1">
    <Filter Type="Constrs"/>
    <File Path="$PSRCDIR/constrs_1/new/cons.xdc">
      <FileInfo>
        <Attr Name="ImportPath" Val="$PPRDIR/../project_1/project_1.srcs/constrs_1/new/cons.xdc"/>
        <Attr Name="ImportTime" Val="1543497513"/>
        <Attr Name="UsedIn" Val="synthesis"/>
        <Attr Name="UsedIn" Val="implementation"/>
      </FileInfo>
    </File>
    <Config>
      <Option Name="ConstrsType" Val="XDC"/>
    </Config>
  </FileSet>
  <Strategy Version="1" Minor="2">
    <StratHandle Name="Vivado Synthesis Defaults" Flow="Vivado Synthesis 2017"/>
    <Step Id="synth_design"/>
  </Strategy>
</GenRun>
