<?xml version="1.0" encoding="UTF-8"?>
<GenRun Id="impl_1" LaunchPart="xa7a35tcpg236-1I" LaunchTime="1544043746">
  <File Type="PWROPT-DCP" Name="top_of_top_pwropt.dcp"/>
  <File Type="ROUTE-PWR" Name="top_of_top_power_routed.rpt"/>
  <File Type="PA-TCL" Name="top_of_top.tcl"/>
  <File Type="ROUTE-PWR-SUM" Name="top_of_top_power_summary_routed.pb"/>
  <File Type="REPORTS-TCL" Name="top_of_top_reports.tcl"/>
  <File Type="BG-DRC" Name="top_of_top.drc"/>
  <File Type="OPT-METHODOLOGY-DRC" Name="top_of_top_methodology_drc_opted.rpt"/>
  <File Type="INIT-TIMING" Name="top_of_top_timing_summary_init.rpt"/>
  <File Type="OPT-HWDEF" Name="top_of_top.hwdef"/>
  <File Type="OPT-DCP" Name="top_of_top_opt.dcp"/>
  <File Type="OPT-DRC" Name="top_of_top_drc_opted.rpt"/>
  <File Type="OPT-TIMING" Name="top_of_top_timing_summary_opted.rpt"/>
  <File Type="PWROPT-DRC" Name="top_of_top_drc_pwropted.rpt"/>
  <File Type="PWROPT-TIMING" Name="top_of_top_timing_summary_pwropted.rpt"/>
  <File Type="PLACE-DCP" Name="top_of_top_placed.dcp"/>
  <File Type="PLACE-IO" Name="top_of_top_io_placed.rpt"/>
  <File Type="PLACE-CLK" Name="top_of_top_clock_utilization_placed.rpt"/>
  <File Type="PLACE-UTIL" Name="top_of_top_utilization_placed.rpt"/>
  <File Type="PLACE-UTIL-PB" Name="top_of_top_utilization_placed.pb"/>
  <File Type="PLACE-CTRL" Name="top_of_top_control_sets_placed.rpt"/>
  <File Type="PLACE-SIMILARITY" Name="top_of_top_incremental_reuse_placed.rpt"/>
  <File Type="PLACE-PRE-SIMILARITY" Name="top_of_top_incremental_reuse_pre_placed.rpt"/>
  <File Type="PLACE-TIMING" Name="top_of_top_timing_summary_placed.rpt"/>
  <File Type="POSTPLACE-PWROPT-DCP" Name="top_of_top_postplace_pwropt.dcp"/>
  <File Type="POSTPLACE-PWROPT-TIMING" Name="top_of_top_timing_summary_postplace_pwropted.rpt"/>
  <File Type="PHYSOPT-DCP" Name="top_of_top_physopt.dcp"/>
  <File Type="PHYSOPT-DRC" Name="top_of_top_drc_physopted.rpt"/>
  <File Type="BG-BIT" Name="top_of_top.bit"/>
  <File Type="PHYSOPT-TIMING" Name="top_of_top_timing_summary_physopted.rpt"/>
  <File Type="ROUTE-ERROR-DCP" Name="top_of_top_routed_error.dcp"/>
  <File Type="ROUTE-DCP" Name="top_of_top_routed.dcp"/>
  <File Type="ROUTE-BLACKBOX-DCP" Name="top_of_top_routed_bb.dcp"/>
  <File Type="ROUTE-DRC" Name="top_of_top_drc_routed.rpt"/>
  <File Type="ROUTE-DRC-PB" Name="top_of_top_drc_routed.pb"/>
  <File Type="BITSTR-MSK" Name="top_of_top.msk"/>
  <File Type="ROUTE-DRC-RPX" Name="top_of_top_drc_routed.rpx"/>
  <File Type="BG-BGN" Name="top_of_top.bgn"/>
  <File Type="ROUTE-METHODOLOGY-DRC" Name="top_of_top_methodology_drc_routed.rpt"/>
  <File Type="BITSTR-RBT" Name="top_of_top.rbt"/>
  <File Type="ROUTE-METHODOLOGY-DRC-RPX" Name="top_of_top_methodology_drc_routed.rpx"/>
  <File Type="BG-BIN" Name="top_of_top.bin"/>
  <File Type="ROUTE-METHODOLOGY-DRC-PB" Name="top_of_top_methodology_drc_routed.pb"/>
  <File Type="ROUTE-PWR-RPX" Name="top_of_top_power_routed.rpx"/>
  <File Type="ROUTE-STATUS" Name="top_of_top_route_status.rpt"/>
  <File Type="ROUTE-STATUS-PB" Name="top_of_top_route_status.pb"/>
  <File Type="ROUTE-TIMINGSUMMARY" Name="top_of_top_timing_summary_routed.rpt"/>
  <File Type="ROUTE-TIMING-PB" Name="top_of_top_timing_summary_routed.pb"/>
  <File Type="ROUTE-TIMING-RPX" Name="top_of_top_timing_summary_routed.rpx"/>
  <File Type="ROUTE-SIMILARITY" Name="top_of_top_incremental_reuse_routed.rpt"/>
  <File Type="RDI-RDI" Name="top_of_top.vdi"/>
  <File Type="ROUTE-CLK" Name="top_of_top_clock_utilization_routed.rpt"/>
  <File Type="POSTROUTE-PHYSOPT-DCP" Name="top_of_top_postroute_physopt.dcp"/>
  <File Type="POSTROUTE-PHYSOPT-BLACKBOX-DCP" Name="top_of_top_postroute_physopt_bb.dcp"/>
  <File Type="POSTROUTE-PHYSOPT-TIMING" Name="top_of_top_timing_summary_postroute_physopted.rpt"/>
  <File Type="POSTROUTE-PHYSOPT-TIMING-PB" Name="top_of_top_timing_summary_postroute_physopted.pb"/>
  <File Type="POSTROUTE-PHYSOPT-TIMING-RPX" Name="top_of_top_timing_summary_postroute_physopted.rpx"/>
  <File Type="BITSTR-NKY" Name="top_of_top.nky"/>
  <File Type="BITSTR-BMM" Name="top_of_top_bd.bmm"/>
  <File Type="BITSTR-MMI" Name="top_of_top.mmi"/>
  <File Type="BITSTR-LTX" Name="debug_nets.ltx"/>
  <File Type="BITSTR-LTX" Name="top_of_top.ltx"/>
  <File Type="BITSTR-SYSDEF" Name="top_of_top.sysdef"/>
  <File Type="WBT-USG" Name="usage_statistics_webtalk.html"/>
  <FileSet Name="sources" Type="DesignSrcs" RelSrcDir="$PSRCDIR/sources_1">
    <Filter Type="Srcs"/>
    <File Path="$PSRCDIR/sources_1/new/HazardUnit.sv">
      <FileInfo>
        <Attr Name="UsedIn" Val="synthesis"/>
        <Attr Name="UsedIn" Val="implementation"/>
        <Attr Name="UsedIn" Val="simulation"/>
      </FileInfo>
    </File>
    <File Path="$PSRCDIR/sources_1/new/PipeDtoE.sv">
      <FileInfo>
        <Attr Name="UsedIn" Val="synthesis"/>
        <Attr Name="UsedIn" Val="implementation"/>
        <Attr Name="UsedIn" Val="simulation"/>
      </FileInfo>
    </File>
    <File Path="$PSRCDIR/sources_1/new/PipeEtoM.sv">
      <FileInfo>
        <Attr Name="UsedIn" Val="synthesis"/>
        <Attr Name="UsedIn" Val="implementation"/>
        <Attr Name="UsedIn" Val="simulation"/>
      </FileInfo>
    </File>
    <File Path="$PSRCDIR/sources_1/new/PipeFtoD.sv">
      <FileInfo>
        <Attr Name="UsedIn" Val="synthesis"/>
        <Attr Name="UsedIn" Val="implementation"/>
        <Attr Name="UsedIn" Val="simulation"/>
      </FileInfo>
    </File>
    <File Path="$PSRCDIR/sources_1/new/PipeMtoW.sv">
      <FileInfo>
        <Attr Name="UsedIn" Val="synthesis"/>
        <Attr Name="UsedIn" Val="implementation"/>
        <Attr Name="UsedIn" Val="simulation"/>
      </FileInfo>
    </File>
    <File Path="$PSRCDIR/sources_1/new/PipeWtoF.sv">
      <FileInfo>
        <Attr Name="UsedIn" Val="synthesis"/>
        <Attr Name="UsedIn" Val="implementation"/>
        <Attr Name="UsedIn" Val="simulation"/>
      </FileInfo>
    </File>
    <File Path="$PSRCDIR/sources_1/new/adder.sv">
      <FileInfo>
        <Attr Name="ImportPath" Val="$PPRDIR/../../single_cycle/single_cycle.srcs/sources_1/new/adder.sv"/>
        <Attr Name="ImportTime" Val="1543060831"/>
        <Attr Name="UsedIn" Val="synthesis"/>
        <Attr Name="UsedIn" Val="implementation"/>
        <Attr Name="UsedIn" Val="simulation"/>
      </FileInfo>
    </File>
    <File Path="$PSRCDIR/sources_1/new/alu.sv">
      <FileInfo>
        <Attr Name="ImportPath" Val="$PPRDIR/../../single_cycle/single_cycle.srcs/sources_1/new/alu.sv"/>
        <Attr Name="ImportTime" Val="1543060858"/>
        <Attr Name="UsedIn" Val="synthesis"/>
        <Attr Name="UsedIn" Val="implementation"/>
        <Attr Name="UsedIn" Val="simulation"/>
      </FileInfo>
    </File>
    <File Path="$PSRCDIR/sources_1/new/aludec.sv">
      <FileInfo>
        <Attr Name="ImportPath" Val="$PPRDIR/../../single_cycle/single_cycle.srcs/sources_1/new/aludec.sv"/>
        <Attr Name="ImportTime" Val="1543060675"/>
        <Attr Name="UsedIn" Val="synthesis"/>
        <Attr Name="UsedIn" Val="implementation"/>
        <Attr Name="UsedIn" Val="simulation"/>
      </FileInfo>
    </File>
    <File Path="$PSRCDIR/sources_1/new/controller.sv">
      <FileInfo>
        <Attr Name="ImportPath" Val="$PPRDIR/../../single_cycle/single_cycle.srcs/sources_1/new/controller.sv"/>
        <Attr Name="ImportTime" Val="1543060597"/>
        <Attr Name="UsedIn" Val="synthesis"/>
        <Attr Name="UsedIn" Val="implementation"/>
        <Attr Name="UsedIn" Val="simulation"/>
      </FileInfo>
    </File>
    <File Path="$PSRCDIR/sources_1/new/datapath.sv">
      <FileInfo>
        <Attr Name="ImportPath" Val="$PPRDIR/../../single_cycle/single_cycle.srcs/sources_1/new/datapath.sv"/>
        <Attr Name="ImportTime" Val="1543060622"/>
        <Attr Name="UsedIn" Val="synthesis"/>
        <Attr Name="UsedIn" Val="implementation"/>
        <Attr Name="UsedIn" Val="simulation"/>
      </FileInfo>
    </File>
    <File Path="$PSRCDIR/sources_1/new/display_controller.sv">
      <FileInfo>
        <Attr Name="ImportPath" Val="$PPRDIR/../project_1/project_1.srcs/sources_1/new/display_controller.sv"/>
        <Attr Name="ImportTime" Val="1543356167"/>
        <Attr Name="UsedIn" Val="synthesis"/>
        <Attr Name="UsedIn" Val="implementation"/>
        <Attr Name="UsedIn" Val="simulation"/>
      </FileInfo>
    </File>
    <File Path="$PSRCDIR/sources_1/new/flopr.sv">
      <FileInfo>
        <Attr Name="ImportPath" Val="$PPRDIR/../../single_cycle/single_cycle.srcs/sources_1/new/flopr.sv"/>
        <Attr Name="ImportTime" Val="1543060785"/>
        <Attr Name="UsedIn" Val="synthesis"/>
        <Attr Name="UsedIn" Val="implementation"/>
        <Attr Name="UsedIn" Val="simulation"/>
      </FileInfo>
    </File>
    <File Path="$PSRCDIR/sources_1/new/imem.sv">
      <FileInfo>
        <Attr Name="ImportPath" Val="$PPRDIR/../../single_cycle/single_cycle.srcs/sources_1/new/imem.sv"/>
        <Attr Name="ImportTime" Val="1543060547"/>
        <Attr Name="UsedIn" Val="synthesis"/>
        <Attr Name="UsedIn" Val="implementation"/>
        <Attr Name="UsedIn" Val="simulation"/>
      </FileInfo>
    </File>
    <File Path="$PSRCDIR/sources_1/new/maindec.sv">
      <FileInfo>
        <Attr Name="ImportPath" Val="$PPRDIR/../../single_cycle/single_cycle.srcs/sources_1/new/maindec.sv"/>
        <Attr Name="ImportTime" Val="1543060652"/>
        <Attr Name="UsedIn" Val="synthesis"/>
        <Attr Name="UsedIn" Val="implementation"/>
        <Attr Name="UsedIn" Val="simulation"/>
      </FileInfo>
    </File>
    <File Path="$PSRCDIR/sources_1/new/mips.sv">
      <FileInfo>
        <Attr Name="ImportPath" Val="$PPRDIR/../../single_cycle/single_cycle.srcs/sources_1/new/mips.sv"/>
        <Attr Name="ImportTime" Val="1543060569"/>
        <Attr Name="UsedIn" Val="synthesis"/>
        <Attr Name="UsedIn" Val="implementation"/>
        <Attr Name="UsedIn" Val="simulation"/>
      </FileInfo>
    </File>
    <File Path="$PSRCDIR/sources_1/new/mux2.sv">
      <FileInfo>
        <Attr Name="ImportPath" Val="$PPRDIR/../../single_cycle/single_cycle.srcs/sources_1/new/mux2.sv"/>
        <Attr Name="ImportTime" Val="1543060761"/>
        <Attr Name="UsedIn" Val="synthesis"/>
        <Attr Name="UsedIn" Val="implementation"/>
        <Attr Name="UsedIn" Val="simulation"/>
      </FileInfo>
    </File>
    <File Path="$PSRCDIR/sources_1/new/mux3.sv">
      <FileInfo>
        <Attr Name="ImportPath" Val="$PPRDIR/../../Desktop/Lab4/New source files/default_working_simulation_code/default_working_simulation_code.srcs/sources_1/new/mux3.sv"/>
        <Attr Name="ImportTime" Val="1543069402"/>
        <Attr Name="UsedIn" Val="synthesis"/>
        <Attr Name="UsedIn" Val="implementation"/>
        <Attr Name="UsedIn" Val="simulation"/>
      </FileInfo>
    </File>
    <File Path="$PSRCDIR/sources_1/new/pulse_controller.sv">
      <FileInfo>
        <Attr Name="ImportPath" Val="$PPRDIR/../project_1/project_1.srcs/sources_1/new/pulse_controller.sv"/>
        <Attr Name="ImportTime" Val="1543356126"/>
        <Attr Name="UsedIn" Val="synthesis"/>
        <Attr Name="UsedIn" Val="implementation"/>
        <Attr Name="UsedIn" Val="simulation"/>
      </FileInfo>
    </File>
    <File Path="$PSRCDIR/sources_1/new/regfile.sv">
      <FileInfo>
        <Attr Name="ImportPath" Val="$PPRDIR/../../single_cycle/single_cycle.srcs/sources_1/new/regfile.sv"/>
        <Attr Name="ImportTime" Val="1543060739"/>
        <Attr Name="UsedIn" Val="synthesis"/>
        <Attr Name="UsedIn" Val="implementation"/>
        <Attr Name="UsedIn" Val="simulation"/>
      </FileInfo>
    </File>
    <File Path="$PSRCDIR/sources_1/new/signext.sv">
      <FileInfo>
        <Attr Name="UsedIn" Val="synthesis"/>
        <Attr Name="UsedIn" Val="implementation"/>
        <Attr Name="UsedIn" Val="simulation"/>
      </FileInfo>
    </File>
    <File Path="$PSRCDIR/sources_1/new/sl2.sv">
      <FileInfo>
        <Attr Name="ImportPath" Val="$PPRDIR/../../single_cycle/single_cycle.srcs/sources_1/new/sl2.sv"/>
        <Attr Name="ImportTime" Val="1543060806"/>
        <Attr Name="UsedIn" Val="synthesis"/>
        <Attr Name="UsedIn" Val="implementation"/>
        <Attr Name="UsedIn" Val="simulation"/>
      </FileInfo>
    </File>
    <File Path="$PSRCDIR/sources_1/new/top.sv">
      <FileInfo>
        <Attr Name="ImportPath" Val="$PPRDIR/../../single_cycle/single_cycle.srcs/sources_1/new/top.sv"/>
        <Attr Name="ImportTime" Val="1543060491"/>
        <Attr Name="UsedIn" Val="synthesis"/>
        <Attr Name="UsedIn" Val="implementation"/>
        <Attr Name="UsedIn" Val="simulation"/>
      </FileInfo>
    </File>
    <File Path="$PSRCDIR/sources_1/new/top_of_top.sv">
      <FileInfo>
        <Attr Name="ImportPath" Val="$PPRDIR/../project_1/project_1.srcs/sources_1/new/top_of_top.sv"/>
        <Attr Name="ImportTime" Val="1543497031"/>
        <Attr Name="UsedIn" Val="synthesis"/>
        <Attr Name="UsedIn" Val="implementation"/>
        <Attr Name="UsedIn" Val="simulation"/>
      </FileInfo>
    </File>
    <File Path="$PSRCDIR/sources_1/new/dmem.sv">
      <FileInfo>
        <Attr Name="AutoDisabled" Val="1"/>
        <Attr Name="ImportPath" Val="$PPRDIR/../../single_cycle/single_cycle.srcs/sources_1/new/dmem.sv"/>
        <Attr Name="ImportTime" Val="1543060519"/>
        <Attr Name="UsedIn" Val="synthesis"/>
        <Attr Name="UsedIn" Val="implementation"/>
        <Attr Name="UsedIn" Val="simulation"/>
      </FileInfo>
    </File>
    <Config>
      <Option Name="DesignMode" Val="RTL"/>
      <Option Name="TopModule" Val="top_of_top"/>
      <Option Name="TopAutoSet" Val="TRUE"/>
    </Config>
  </FileSet>
  <FileSet Name="constrs_in" Type="Constrs" RelSrcDir="$PSRCDIR/constrs_1">
    <Filter Type="Constrs"/>
    <File Path="$PSRCDIR/constrs_1/new/cons.xdc">
      <FileInfo>
        <Attr Name="ImportPath" Val="$PPRDIR/../project_1/project_1.srcs/constrs_1/new/cons.xdc"/>
        <Attr Name="ImportTime" Val="1543497513"/>
        <Attr Name="UsedIn" Val="synthesis"/>
        <Attr Name="UsedIn" Val="implementation"/>
      </FileInfo>
    </File>
    <Config>
      <Option Name="ConstrsType" Val="XDC"/>
    </Config>
  </FileSet>
  <Strategy Version="1" Minor="2">
    <StratHandle Name="Vivado Implementation Defaults" Flow="Vivado Implementation 2017"/>
    <Step Id="init_design"/>
    <Step Id="opt_design"/>
    <Step Id="power_opt_design"/>
    <Step Id="place_design"/>
    <Step Id="post_place_power_opt_design"/>
    <Step Id="phys_opt_design"/>
    <Step Id="route_design"/>
    <Step Id="post_route_phys_opt_design"/>
    <Step Id="write_bitstream"/>
  </Strategy>
</GenRun>
